name,V,E,isolated,empty_edges,dup_edges,C_mult_one,C_live_components,D_dim_ker_S,D_V_minus_rankH,D_rankH,B_rho_S,B_rho_M,B_M_rho_expected,E_lamM_min,E_lamM_max,lam2_S,lam2_M,A_similarity_maxdiff,A_eig_real_maximag,F_pi_left_eig_maxdev
empty_graph,4,0,4,0,0,0,0,4,4,0,0.0,0.5,0.0,0.5,0.5,,,0.0,0.0,
single_edge_size3,3,1,0,0,0,1,1,2,2,1,1.0,1.0,1.0,0.5,1.0,,,1.1102230246251565e-16,0.0,0.0
path_graph_2edges,3,2,0,0,0,1,1,1,1,2,0.9999999999999997,0.9999999999999998,1.0,0.49999999999999994,0.9999999999999998,,,2.220446049250313e-16,0.0,0.0
path_graph_2edges_leak0.2,3,2,0,0,0,1,1,1,1,2,0.9999999999999997,0.8999999999999999,0.9,0.49999999999999994,0.8999999999999999,,,2.220446049250313e-16,0.0,0.0
two_components,4,2,0,0,0,2,2,2,2,2,0.9999999999999998,0.9999999999999999,1.0,0.5,0.9999999999999999,,,1.1102230246251565e-16,0.0,0.0
dup_endpoint,3,2,0,0,1,1,1,1,1,2,0.9999999999999997,0.9999999999999998,1.0,0.49999999999999994,0.9999999999999998,,,2.220446049250313e-16,0.0,0.0
with_isolated,6,2,3,0,0,1,1,4,4,2,0.9999999999999997,0.9999999999999998,1.0,0.49999999999999994,0.9999999999999998,,,2.220446049250313e-16,0.0,0.0
with_empty_edge,3,2,1,1,0,1,1,2,2,1,0.9999999999999998,0.9999999999999999,1.0,0.5,0.9999999999999999,,,1.1102230246251565e-16,0.0,0.0
loop_only,3,2,1,0,0,2,2,1,1,2,1.0,1.0,1.0,0.5,1.0,,,0.0,0.0,0.0
parallel_edges,3,3,0,0,0,1,1,1,1,2,0.9999999999999999,1.0,1.0,0.49999999999999994,1.0,,,2.7755575615628914e-16,0.0,5.551115123125783e-17
rnd_V30_E20,30,20,3,0,1,1,1,10,10,20,1.0000000000000002,1.0,1.0,0.49999999999999994,1.0,,,3.3306690738754696e-16,3.6637973185586955e-17,1.3877787807814457e-17
rnd_V50_E80_iso,50,80,2,0,4,1,1,2,2,48,0.9999999999999998,0.9999999999999999,1.0,0.5,0.9999999999999999,,,2.7755575615628914e-16,0.0,6.938893903907228e-18
rnd_V60_E40_dup_empty,60,40,7,2,11,2,2,22,22,38,1.0,1.0,1.0,0.49999999999999994,1.0,,,2.220446049250313e-16,6.686893128635886e-17,6.938893903907228e-18
rnd_V200_E120,200,120,33,0,4,3,3,84,84,116,1.0000000000000009,1.0000000000000004,1.0,0.4999999999999998,1.0000000000000004,,,2.7755575615628914e-16,1.3062676330525714e-16,3.469446951953614e-18
rnd_V200_E120_leak0.2,200,120,33,0,4,3,3,84,84,116,1.0000000000000009,0.9000000000000004,0.9,0.49999999999999983,0.9000000000000004,,,2.7755575615628914e-16,1.3062676330525714e-16,3.469446951953614e-18
doc_project_leak0.0,61,30,0,0,0,5,5,40,40,21,1.0,1.0,1.0,0.4999999999999997,1.0,0.9653207530692195,0.9826603765346098,1.1102230246251565e-16,3.633994394389793e-17,6.938893903907228e-18
doc_project_leak0.1,61,30,0,0,0,5,5,40,40,21,1.0,0.95,0.95,0.4999999999999998,0.95,0.9653207530692195,0.95,1.1102230246251565e-16,3.633994394389793e-17,6.938893903907228e-18
doc_project_leak0.2,61,30,0,0,0,5,5,40,40,21,1.0,0.9,0.9,0.4999999999999998,0.9,0.9653207530692195,0.9,1.1102230246251565e-16,3.633994394389793e-17,6.938893903907228e-18
doc_relationship_leak0.0,31,17,0,0,0,3,3,20,20,11,0.9999999999999999,1.0,1.0,0.49999999999999983,1.0,0.8191085829471623,0.9095542914735811,1.1102230246251565e-16,4.3341939566975965e-17,1.3877787807814457e-17
doc_relationship_leak0.1,31,17,0,0,0,3,3,20,20,11,0.9999999999999999,0.95,0.95,0.49999999999999983,0.95,0.8191085829471623,0.95,1.1102230246251565e-16,4.3341939566975965e-17,1.3877787807814457e-17
doc_relationship_leak0.2,31,17,0,0,0,3,3,20,20,11,0.9999999999999999,0.8999999999999999,0.9,0.49999999999999983,0.8999999999999999,0.8191085829471623,0.8999999999999999,1.1102230246251565e-16,4.3341939566975965e-17,1.3877787807814457e-17
ccl200_leak0.0,886,560,0,0,36,63,63,353,353,533,1.0000000000000009,1.0000000000000004,1.0,0.49999999999999956,1.0000000000000004,0.9950454969548054,0.9975227484774027,2.220446049250313e-16,3.0887679694824143e-16,1.734723475976807e-18
ccl200_leak0.1,886,560,0,0,36,63,63,353,353,533,1.0000000000000009,0.9500000000000004,0.95,0.4999999999999996,0.9500000000000004,0.9950454969548054,0.9500000000000004,2.220446049250313e-16,3.0887679694824143e-16,1.734723475976807e-18
ccl200_leak0.2,886,560,0,0,36,63,63,353,353,533,1.0000000000000009,0.9000000000000004,0.9,0.49999999999999967,0.9000000000000004,0.9950454969548054,0.9000000000000004,2.220446049250313e-16,3.0887679694824143e-16,1.734723475976807e-18
ccl1100_leak0.0,2825,2257,0,0,173,168,168,929,929,1896,1.000000000000001,1.0000000000000004,1.0,0.4999999999999995,1.0000000000000004,0.9959006763314151,0.9979503381657076,2.220446049250313e-16,4.819831970028467e-16,3.469446951953614e-18
ccl1100_leak0.1,2825,2257,0,0,173,168,168,929,929,1896,1.000000000000001,0.9500000000000005,0.95,0.49999999999999956,0.9500000000000005,0.9959006763314151,0.9500000000000005,2.220446049250313e-16,4.819831970028467e-16,3.469446951953614e-18
ccl1100_leak0.2,2825,2257,0,0,173,168,168,929,929,1896,1.000000000000001,0.9000000000000005,0.9,0.4999999999999996,0.9000000000000005,0.9959006763314151,0.9000000000000005,2.220446049250313e-16,4.819831970028467e-16,3.469446951953614e-18
