doc,k,within_cos,mean_1mcos,pred_exact,pred_fo,pred_2m,spec_vs_iter,mu2_M,mu2_weighted,mu2_sq_weighted
doc_project,0,0.033537584272241405,0.9664624157277586,0.03353758427224148,0.6734451605688437,0.07156448016348031,7.937816583359893e-16,0.9826603765346098,0.9305495914117269,0.8659225420765319
doc_project,1,0.18765049245612025,0.8123495075438798,0.18765049245612042,0.2436599030903224,0.059330964032248995,6.661338147750939e-16,0.9826603765346098,0.9305495914117269,0.8659225420765319
doc_project,2,0.38300320937497484,0.6169967906250251,0.383003209374975,0.11983530798181974,0.04960466366586583,5.551115123125783e-16,0.9826603765346098,0.9305495914117269,0.8659225420765319
doc_project,3,0.5191345616974893,0.4808654383025107,0.5191345616974894,0.07641380108277368,0.04184388307179629,6.106226635438361e-16,0.9826603765346098,0.9305495914117269,0.8659225420765319
doc_project,4,0.5968492375326567,0.40315076246734327,0.596849237532657,0.05614403748961751,0.03562677175582275,4.996003610813204e-16,0.9826603765346098,0.9305495914117269,0.8659225420765319
doc_project,5,0.648543978738464,0.35145602126153597,0.6485439787384644,0.04398996999684083,0.030624396030480245,4.718447854656915e-16,0.9826603765346098,0.9305495914117269,0.8659225420765319
doc_project,7,0.7244159032812068,0.27558409671879325,0.7244159032812069,0.0294679966043356,0.02329256405519383,4.440892098500626e-16,0.9826603765346098,0.9305495914117269,0.8659225420765319
doc_project,10,0.8035495663193399,0.19645043368066006,0.8035495663193399,0.018558787680828068,0.016562698662847354,4.996003610813204e-16,0.9826603765346098,0.9305495914117269,0.8659225420765319
doc_project,20,0.9037112138315122,0.0962887861684878,0.9037112138315125,0.008202062902133997,0.008157006146956594,7.355227538141662e-16,0.9826603765346098,0.9305495914117269,0.8659225420765319
doc_project,50,0.9635365626556016,0.036463437344398386,0.9635365626556016,0.0025820705560959715,0.0025820710945139947,1.3600232051658168e-15,0.9826603765346098,0.9305495914117269,0.8659225420765319
doc_project,100,0.992992498833295,0.00700750116670501,0.9929924988332948,0.0004485176961262664,0.0004485176961424247,2.192690473634684e-15,0.9826603765346098,0.9305495914117269,0.8659225420765319
doc_project,200,0.9997835417764634,0.00021645822353655308,0.9997835417764634,1.356650473967588e-05,1.3566504739675903e-05,4.08006961549745e-15,0.9826603765346098,0.9305495914117269,0.8659225420765319
doc_project,500,0.9999999940074278,5.992572216229064e-09,0.9999999940074278,3.75434926759404e-10,3.7543492675934723e-10,1.3072876114961218e-14,0.9826603765346098,0.9305495914117269,0.8659225420765319
doc_relationship,0,0.03914325857041437,0.9608567414295857,0.03914325857041444,0.6789685817151847,0.11082029757305789,8.326672684688674e-16,0.9095542914735811,0.895286713058683,0.8015382985794206
doc_relationship,1,0.21241639877370327,0.7875836012262967,0.21241639877370336,0.25218813480168095,0.08667493841194895,8.881784197001252e-16,0.9095542914735811,0.895286713058683,0.8015382985794206
doc_relationship,2,0.42650180766135265,0.5734981923386473,0.42650180766135276,0.12669547030595413,0.06787290653744067,8.326672684688674e-16,0.9095542914735811,0.895286713058683,0.8015382985794206
doc_relationship,3,0.5730763741427551,0.42692362585724486,0.5730763741427551,0.0805364584988601,0.05321639160377836,8.326672684688674e-16,0.9095542914735811,0.895286713058683,0.8015382985794206
doc_relationship,4,0.6570784043132899,0.3429215956867101,0.65707840431329,0.057566836690552445,0.041778901791477814,7.494005416219807e-16,0.9095542914735811,0.895286713058683,0.8015382985794206
doc_relationship,5,0.7137491450012227,0.28625085499877734,0.7137491450012227,0.04307709854852132,0.032843300167081806,7.494005416219807e-16,0.9095542914735811,0.895286713058683,0.8015382985794206
doc_relationship,7,0.7982160081392061,0.20178399186079388,0.7982160081392061,0.025149866300571498,0.02038060946637151,7.494005416219807e-16,0.9095542914735811,0.895286713058683,0.8015382985794206
doc_relationship,10,0.8871553631831636,0.11284463681683643,0.8871553631831638,0.011632283166168739,0.010069877843722366,9.159339953157541e-16,0.9095542914735811,0.895286713058683,0.8015382985794206
doc_relationship,20,0.9872906160973844,0.012709383902615556,0.9872906160973844,0.0010938284988381845,0.0010573443351114711,1.6375789613221059e-15,0.9095542914735811,0.895286713058683,0.8015382985794206
doc_relationship,50,0.9999694310175617,3.056898243825046e-05,0.9999694310175615,2.3929611128296287e-06,2.3927122575834438e-06,3.83026943495679e-15,0.9095542914735811,0.895286713058683,0.8015382985794206
doc_relationship,100,0.9999999977512175,2.248782493552426e-09,0.9999999977512172,1.7306867558569756e-10,1.7306886083653596e-10,7.521760991835436e-15,0.9095542914735811,0.895286713058683,0.8015382985794206
doc_relationship,200,1.0,0.0,1.0,1.0079308868644565e-18,1.0079308885905511e-18,1.4765966227514582e-14,0.9095542914735811,0.895286713058683,0.8015382985794206
doc_relationship,500,1.0,0.0,1.0000000000000002,1.5267591565211849e-34,1.998052566086282e-43,3.497202527569243e-14,0.9095542914735811,0.895286713058683,0.8015382985794206
ccl200,0,0.06899246068176722,0.9310075393182328,0.06899246068176709,0.06080829738865759,0.0018098879243988954,1.6653345369377348e-15,0.9975227484774027,0.9963322601053727,0.99267797252668
ccl200,1,0.11540683445212262,0.8845931655478774,0.11540683445212244,0.028572894573167456,0.00142790400777426,1.4432899320127035e-15,0.9975227484774027,0.9963322601053727,0.99267797252668
ccl200,2,0.16356323207948745,0.8364367679205126,0.16356323207948725,0.017832252562793856,0.00114381013155585,1.802656303332853e-15,0.9975227484774027,0.9963322601053727,0.99267797252668
ccl200,3,0.20561849861753687,0.7943815013824631,0.20561849861753664,0.013207242773026763,0.000931621743928568,2.546829847393237e-15,0.9975227484774027,0.9963322601053727,0.99267797252668
ccl200,4,0.24042110845621573,0.7595788915437842,0.24042110845621556,0.010618982291762032,0.0007723405235885931,3.220800963885452e-15,0.9975227484774027,0.9963322601053727,0.99267797252668
ccl200,5,0.2700441392851873,0.7299558607148127,0.27004413928518717,0.008898772143572315,0.0006520645121903457,3.8283360384378055e-15,0.9975227484774027,0.9963322601053727,0.99267797252668
ccl200,7,0.31910547262672556,0.6808945273732745,0.31910547262672556,0.006709491679542451,0.0004905149335457282,4.881567202078797e-15,0.9975227484774027,0.9963322601053727,0.99267797252668
ccl200,10,0.3750013569483779,0.6249986430516221,0.375001356948378,0.004928092933578176,0.0003604204246941801,6.134703513365129e-15,0.9975227484774027,0.9963322601053727,0.99267797252668
ccl200,20,0.4898987250543597,0.5101012749456403,0.489898725054361,0.0027745223182942848,0.00022427396157594532,8.567041616462971e-15,0.9975227484774027,0.9963322601053727,0.99267797252668
ccl200,50,0.6683299636772958,0.3316700363227042,0.6683299636773,0.0012548309599716145,0.00014355986586697239,1.0551455542628929e-14,0.9975227484774027,0.9963322601053727,0.99267797252668
ccl200,100,0.7985921488415139,0.20140785115848614,0.7985921488415212,0.0006138235399675557,0.00010370721592881154,1.066507993030541e-14,0.9975227484774027,0.9963322601053727,0.99267797252668
ccl200,200,0.90848364502629,0.09151635497371002,0.9084836450262987,0.00023270276934426968,6.252342092567421e-05,1.5709655798445965e-14,0.9975227484774027,0.9963322601053727,0.99267797252668
ccl200,500,0.9870579786823307,0.012942021317669306,0.9870579786823348,2.8496624448965355e-05,1.4113901951197054e-05,4.132805209167145e-14,0.9975227484774027,0.9963322601053727,0.99267797252668
ccl1100,0,0.0833570868872738,0.9166429131127262,0.08335708688727374,0.01708663973846082,0.00024254653337144811,2.8449465006019636e-15,0.9979503381657076,0.997802422994836,0.9956096753343656
ccl1100,1,0.13138763711031995,0.86861236288968,0.1313876371103198,0.008247775589846532,0.0001848377945188803,2.5153490401663703e-15,0.9979503381657076,0.997802422994836,0.9956096753343656
ccl1100,2,0.17639343216683495,0.823606567833165,0.17639343216683484,0.005194579904574222,0.00014255223879687043,2.39044894989604e-15,0.9979503381657076,0.997802422994836,0.9956096753343656
ccl1100,3,0.21452572980418272,0.7854742701958173,0.21452572980418252,0.003836311187678745,0.00011152459406778392,2.275957200481571e-15,0.9979503381657076,0.997802422994836,0.9956096753343656
ccl1100,4,0.24656452109021385,0.7534354789097861,0.24656452109021357,0.0030653212990858956,8.872027951631155e-05,2.3592239273284576e-15,0.9979503381657076,0.997802422994836,0.9956096753343656
ccl1100,5,0.27434399514803665,0.7256560048519634,0.27434399514803637,0.002553261491720297,7.192746041572387e-05,2.3869795029440866e-15,0.9979503381657076,0.997802422994836,0.9956096753343656
ccl1100,7,0.32098693261500094,0.679013067384999,0.32098693261500066,0.0019064236520773773,5.0360502668802686e-05,2.581268532253489e-15,0.9979503381657076,0.997802422994836,0.9956096753343656
ccl1100,10,0.3749383891431908,0.6250616108568092,0.3749383891431905,0.0013820028871123632,3.46742744112602e-05,2.942091015256665e-15,0.9979503381657076,0.997802422994836,0.9956096753343656
ccl1100,20,0.49652795954344375,0.5034720404565562,0.4965279595434435,0.0007317756309278499,2.3072960754630006e-05,3.1780134079895106e-15,0.9979503381657076,0.997802422994836,0.9956096753343656
ccl1100,50,0.7183215031804694,0.2816784968195306,0.7183215031804696,0.0002667808541315274,1.9360431745648585e-05,4.829470157119431e-15,0.9979503381657076,0.997802422994836,0.9956096753343656
ccl1100,100,0.8714926333120896,0.1285073666879104,0.8714926333120903,9.85081176029529e-05,1.5747171848797176e-05,8.215650382226158e-15,0.9979503381657076,0.997802422994836,0.9956096753343656
ccl1100,200,0.9580764436433113,0.04192355635668865,0.9580764436433122,2.8045597137283532e-05,1.0446773209867885e-05,1.6153745008296028e-14,0.9979503381657076,0.997802422994836,0.9956096753343656
ccl1100,500,0.9934599339384252,0.006540066061574756,0.9934599339384262,3.6094515626847094e-06,3.050281816242889e-06,3.966271755473372e-14,0.9979503381657076,0.997802422994836,0.9956096753343656
