k,alpha,auc_all,auc_within,within_cos,dispersion
1,0.0,0.5180087471057371,0.47435897435897434,0.033537584272241495,0.1298071288463086
1,0.1,0.9265500385901724,0.6783882783882784,0.04186449215298501,0.13060672993726338
1,0.2,0.9273218420375611,0.6827838827838828,0.05120245234883004,0.13168226018226686
1,0.3,0.9302804219192179,0.6996336996336996,0.06170926906963916,0.13314372556950643
1,0.4,0.9273218420375611,0.6827838827838828,0.07356994590451665,0.13513926333289197
1,0.5,0.928222279392848,0.6879120879120879,0.08700049083028984,0.13786487560275157
1,0.6,0.9280293285310007,0.6868131868131868,0.10225124218710079,0.14157389745870003
1,0.7,0.9280936454849499,0.6871794871794872,0.1196087165471478,0.1465837168987729
1,0.8,0.927193208129663,0.6820512820512821,0.1393941926153237,0.15327578391972388
1,0.9,0.9277077437612554,0.684981684981685,0.16195598831805053,0.16208359918221368
1,0.95,0.928350913300746,0.676923076923077,0.1743899239351403,0.16742369370754318
1,1.0,0.9363262155904296,0.676923076923077,0.18765049245612025,0.17346270954621856
2,0.0,0.5180087471057371,0.47435897435897434,0.033537584272241495,0.1298071288463086
2,0.1,0.9262927707743761,0.676923076923077,0.0423340574165862,0.1306234652981537
2,0.2,0.9270645742217648,0.6813186813186813,0.053328919940687676,0.13180855267598673
2,0.3,0.9301517880113198,0.6989010989010989,0.06718198555698059,0.13363278281642185
2,0.4,0.9280936454849499,0.6871794871794872,0.08481961673659019,0.13656680436603433
2,0.5,0.9279650115770517,0.6864468864468865,0.10755329247370592,0.14142398927662478
2,0.6,0.9280936454849499,0.6871794871794872,0.137240356330116,0.14957256800519386
2,0.7,0.9289940828402367,0.6805860805860806,0.17646198225126222,0.16317540191049287
2,0.8,0.9414715719063546,0.6747252747252748,0.22857365739460794,0.1852425037495513
2,0.9,0.9427579109853358,0.673992673992674,0.2971007978709223,0.21890262246548217
2,0.95,0.94726009776177,0.6996336996336996,0.33808125826687485,0.24048437869620704
2,1.0,0.9507332132750193,0.7194139194139194,0.38300320937497484,0.26465145331001594
3,0.0,0.5180087471057371,0.47435897435897434,0.033537584272241495,0.1298071288463086
3,0.1,0.9260355029585798,0.6754578754578755,0.04235993086794973,0.13062168560015988
3,0.2,0.9268073064059686,0.6798534798534799,0.05356520897889658,0.13179860385196662
3,0.3,0.9298945201955235,0.6974358974358974,0.06810991353862607,0.13362522832981638
3,0.4,0.9278363776691536,0.6857142857142857,0.08743458032719123,0.13665941507742374
3,0.5,0.9278363776691536,0.6857142857142857,0.1137703722732004,0.14198892750052564
3,0.6,0.9277077437612554,0.684981684981685,0.15064180407933997,0.15170343057403018
3,0.7,0.9388988937483921,0.6754578754578755,0.20358802350514976,0.16957165885900058
3,0.8,0.9423720092616413,0.673992673992674,0.28061871994321247,0.20127229943032726
3,0.9,0.9479032673012606,0.7032967032967034,0.3892970761075724,0.25117216243037216
3,0.95,0.9498970928736815,0.7146520146520147,0.45401351984333227,0.2806877277216912
3,1.0,0.9501543606894778,0.7161172161172161,0.5191345616974893,0.307478646162885
5,0.0,0.5180087471057371,0.47435897435897434,0.033537584272241495,0.1298071288463086
5,0.1,0.9260355029585798,0.6754578754578755,0.04236151052330357,0.13062133409184987
5,0.2,0.9268073064059686,0.6798534798534799,0.053595668191774366,0.1317923961825544
5,0.3,0.9298945201955235,0.6974358974358974,0.06829918838474312,0.13359147868627885
5,0.4,0.9278363776691536,0.6857142857142857,0.08818627440072417,0.13655106016740462
5,0.5,0.9277720607152046,0.6853479853479854,0.11614469250763194,0.1417539935100004
5,0.6,0.9278363776691536,0.6857142857142857,0.15723541788014678,0.151431575444835
5,0.7,0.9404425006431696,0.6732600732600733,0.22054611621645842,0.16999777502451555
5,0.8,0.9421147414458452,0.6703296703296703,0.3216162242784691,0.20460601168939452
5,0.9,0.9509261641368665,0.7205128205128205,0.4773615864089754,0.25797922811772933
5,0.95,0.9508618471829174,0.7201465201465201,0.5695846036595519,0.28261556822997
5,1.0,0.9478389503473116,0.7029304029304029,0.648543978738464,0.2900078601964697
10,0.0,0.5180087471057371,0.47435897435897434,0.033537584272241495,0.1298071288463086
10,0.1,0.9260355029585798,0.6754578754578755,0.04236151691311405,0.13062133034936252
10,0.2,0.9268073064059686,0.6798534798534799,0.053596169744115914,0.1317921067953896
10,0.3,0.9298945201955235,0.6974358974358974,0.06830640105017013,0.13358736689422296
10,0.4,0.9278363776691536,0.6857142857142857,0.0882393196527916,0.13652112060186639
10,0.5,0.9278363776691536,0.6857142857142857,0.11642184745711377,0.14159949926691143
10,0.6,0.9277077437612554,0.684981684981685,0.15843568464941776,0.1507800204872815
10,0.7,0.9415358888603036,0.6750915750915751,0.22525862653686654,0.16759189620046747
10,0.8,0.9425006431695395,0.6725274725274726,0.3392980204713751,0.19655380647569937
10,0.9,0.9510547980447646,0.7212454212454212,0.5398259577523713,0.23301470205467023
10,0.95,0.9497684589657834,0.7139194139194139,0.6771835348625219,0.24098836230129503
10,1.0,0.952534087985593,0.7296703296703296,0.8035495663193399,0.22999697069853925
50,0.0,0.5180087471057371,0.47435897435897434,0.033537584272241495,0.1298071288463086
50,0.1,0.9260355029585798,0.6754578754578755,0.042361516913131676,0.1306213303493441
50,0.2,0.9268073064059686,0.6798534798534799,0.05359616978898097,0.1317921067477367
50,0.3,0.9298945201955235,0.6974358974358974,0.0683064060392247,0.13358736145747113
50,0.4,0.9278363776691536,0.6857142857142857,0.0882394784021991,0.13652094174903112
50,0.5,0.9278363776691536,0.6857142857142857,0.1164244854809616,0.1415964266455689
50,0.6,0.9277720607152046,0.6853479853479854,0.15846613443148982,0.15074403646162984
50,0.7,0.9412143040905583,0.6732600732600733,0.2255498875476799,0.16726129599719702
50,0.8,0.9425649601234886,0.672893772893773,0.3419456015024283,0.19396248839945765
50,0.9,0.9493182402881399,0.7113553113553114,0.5651234128454231,0.21454142112082958
50,0.95,0.9498970928736815,0.7146520146520147,0.7540707673560431,0.19241663999407888
50,1.0,0.9390275276562902,0.6527472527472528,0.9635365626556016,0.08159067575438579
500,0.0,0.5180087471057371,0.47435897435897434,0.033537584272241495,0.1298071288463086
500,0.1,0.9260355029585798,0.6754578754578755,0.042361516913131676,0.1306213303493441
500,0.2,0.9268073064059686,0.6798534798534799,0.05359616978898097,0.1317921067477367
500,0.3,0.9298945201955235,0.6974358974358974,0.0683064060392247,0.13358736145747113
500,0.4,0.9278363776691536,0.6857142857142857,0.0882394784021991,0.13652094174903112
500,0.5,0.9278363776691536,0.6857142857142857,0.1164244854809616,0.1415964266455689
500,0.6,0.9277077437612554,0.684981684981685,0.15846613443149155,0.1507440364616257
500,0.7,0.940957036274762,0.6717948717948717,0.22554988755723224,0.16726129597399864
500,0.8,0.9423720092616413,0.6717948717948717,0.34194562483225244,0.1939624384830292
500,0.9,0.9502829945973759,0.7168498168498169,0.5651582739813754,0.21447767723322295
500,0.95,0.9504116285052739,0.7175824175824176,0.7553607092766361,0.18993928670017451
500,1.0,0.926164136866478,0.5794871794871795,0.9999999940074278,1.3485182962081065e-08
