doc,k,alpha,within_cos,mean_1mcos,within_dispersion
doc_project,2,0.0,0.033537584272241495,0.9664624157277585,0.1298071288463086
doc_project,2,0.1,0.0423340574165862,0.9576659425834138,0.1306234652981537
doc_project,2,0.2,0.053328919940687676,0.9466710800593123,0.13180855267598673
doc_project,2,0.3,0.06718198555698059,0.9328180144430194,0.13363278281642185
doc_project,2,0.5,0.10755329247370592,0.8924467075262941,0.14142398927662478
doc_project,2,0.7,0.17646198225126222,0.8235380177487378,0.16317540191049287
doc_project,2,0.9,0.2971007978709223,0.7028992021290776,0.21890262246548217
doc_project,2,0.95,0.33808125826687485,0.6619187417331251,0.24048437869620704
doc_project,2,0.99,0.3737583641113094,0.6262416358886906,0.25966418894058335
doc_project,2,1.0,0.38300320937497484,0.6169967906250251,0.26465145331001594
doc_project,5,0.0,0.033537584272241495,0.9664624157277585,0.1298071288463086
doc_project,5,0.1,0.04236151052330357,0.9576384894766964,0.13062133409184987
doc_project,5,0.2,0.053595668191774366,0.9464043318082256,0.1317923961825544
doc_project,5,0.3,0.06829918838474312,0.9317008116152569,0.13359147868627885
doc_project,5,0.5,0.11614469250763194,0.8838553074923681,0.1417539935100004
doc_project,5,0.7,0.22054611621645842,0.7794538837835416,0.16999777502451555
doc_project,5,0.9,0.4773615864089754,0.5226384135910246,0.25797922811772933
doc_project,5,0.95,0.5695846036595519,0.4304153963404481,0.28261556822997
doc_project,5,0.99,0.6353153225626497,0.36468467743735034,0.29068103837607057
doc_project,5,1.0,0.648543978738464,0.35145602126153597,0.2900078601964697
doc_project,10,0.0,0.033537584272241495,0.9664624157277585,0.1298071288463086
doc_project,10,0.1,0.04236151691311405,0.9576384830868859,0.13062133034936252
doc_project,10,0.2,0.053596169744115914,0.946403830255884,0.1317921067953896
doc_project,10,0.3,0.06830640105017013,0.9316935989498298,0.13358736689422296
doc_project,10,0.5,0.11642184745711377,0.8835781525428862,0.14159949926691143
doc_project,10,0.7,0.22525862653686654,0.7747413734631334,0.16759189620046747
doc_project,10,0.9,0.5398259577523713,0.4601740422476287,0.23301470205467023
doc_project,10,0.95,0.6771835348625219,0.3228164651374781,0.24098836230129503
doc_project,10,0.99,0.7828166629917357,0.2171833370082643,0.2337517262385176
doc_project,10,1.0,0.8035495663193399,0.19645043368066006,0.22999697069853925
doc_project,50,0.0,0.033537584272241495,0.9664624157277585,0.1298071288463086
doc_project,50,0.1,0.042361516913131676,0.9576384830868683,0.1306213303493441
doc_project,50,0.2,0.05359616978898097,0.946403830211019,0.1317921067477367
doc_project,50,0.3,0.0683064060392247,0.9316935939607753,0.13358736145747113
doc_project,50,0.5,0.1164244854809616,0.8835755145190384,0.1415964266455689
doc_project,50,0.7,0.2255498875476799,0.7744501124523201,0.16726129599719702
doc_project,50,0.9,0.5651234128454231,0.4348765871545769,0.21454142112082958
doc_project,50,0.95,0.7540707673560431,0.24592923264395694,0.19241663999407888
doc_project,50,0.99,0.9339733094614177,0.06602669053858234,0.11959717974931967
doc_project,50,1.0,0.9635365626556016,0.036463437344398386,0.08159067575438579
doc_project,500,0.0,0.033537584272241495,0.9664624157277585,0.1298071288463086
doc_project,500,0.1,0.042361516913131676,0.9576384830868683,0.1306213303493441
doc_project,500,0.2,0.05359616978898097,0.946403830211019,0.1317921067477367
doc_project,500,0.3,0.0683064060392247,0.9316935939607753,0.13358736145747113
doc_project,500,0.5,0.1164244854809616,0.8835755145190384,0.1415964266455689
doc_project,500,0.7,0.22554988755723224,0.7744501124427677,0.16726129597399864
doc_project,500,0.9,0.5651582739813754,0.4348417260186246,0.21447767723322295
doc_project,500,0.95,0.7553607092766361,0.24463929072336388,0.18993928670017451
doc_project,500,0.99,0.9596116918431752,0.040388308156824815,0.06364618335479331
doc_project,500,1.0,0.9999999940074278,5.992572216229064e-09,1.3485182962081065e-08
ccl200,2,0.0,0.06899246068176723,0.9310075393182328,0.15628167014292646
ccl200,2,0.1,0.07247419162935918,0.9275258083706408,0.1589580952614553
ccl200,2,0.2,0.07663218764217504,0.923367812357825,0.16191858556167366
ccl200,2,0.3,0.08160774817100684,0.9183922518289932,0.16517403711855358
ccl200,2,0.5,0.09480397470335063,0.9051960252966493,0.17255577790696588
ccl200,2,0.7,0.11430643825982735,0.8856935617401727,0.18082991713763133
ccl200,2,0.9,0.14357724235459546,0.8564227576454045,0.18899671612733301
ccl200,2,0.95,0.15282824530338965,0.8471717546966103,0.19078544201345557
ccl200,2,0.99,0.16078538944453305,0.839214610555467,0.1920721256135431
ccl200,2,1.0,0.16284503740590056,0.8371549625940995,0.1923686829411709
ccl200,5,0.0,0.06899246068176723,0.9310075393182328,0.15628167014292646
ccl200,5,0.1,0.07248582836463946,0.9275141716353605,0.15896003698843986
ccl200,5,0.2,0.07674207431532297,0.923257925684677,0.16193404603358175
ccl200,5,0.3,0.08205343044781997,0.91794656955218,0.1652248610886455
ccl200,5,0.5,0.09797730626032751,0.9020226937396725,0.17274560208565756
ccl200,5,0.7,0.12921331565242072,0.8707866843475793,0.1808169350211873
ccl200,5,0.9,0.2041145128204133,0.7958854871795867,0.1843853410212551
ccl200,5,0.95,0.23511489099684685,0.7648851090031532,0.18267896207334056
ccl200,5,0.99,0.26142516513978287,0.7385748348602171,0.1797019562403371
ccl200,5,1.0,0.26762704096869283,0.7323729590313072,0.1786131655463074
ccl200,10,0.0,0.06899246068176723,0.9310075393182328,0.15628167014292646
ccl200,10,0.1,0.07248583145232033,0.9275141685476797,0.15896003345238496
ccl200,10,0.2,0.07674232164216575,0.9232576783578342,0.1619337959138132
ccl200,10,0.3,0.08205705345339702,0.917942946546603,0.16522168253209144
ccl200,10,0.5,0.09812030700430847,0.9018796929956915,0.17265755793940166
ccl200,10,0.7,0.13166495655630484,0.8683350434436952,0.17986648444239392
ccl200,10,0.9,0.23954267329584156,0.7604573267041584,0.1757387798866829
ccl200,10,0.95,0.30143602005308284,0.6985639799469172,0.16865927804943015
ccl200,10,0.99,0.3587960612070556,0.6412039387929445,0.16227950136542646
ccl200,10,1.0,0.370904367544109,0.629095632455891,0.16074413322695094
ccl200,50,0.0,0.06899246068176723,0.9310075393182328,0.15628167014292646
ccl200,50,0.1,0.07248583145233016,0.9275141685476699,0.15896003345236662
ccl200,50,0.2,0.07674232166863378,0.9232576783313662,0.16193379587317247
ccl200,50,0.3,0.08205705655066875,0.9179429434493313,0.16522167871477866
ccl200,50,0.5,0.09812206731354038,0.9018779326864597,0.17265630025713954
ccl200,50,0.7,0.13186161153899803,0.868138388461002,0.17980148776558333
ccl200,50,0.9,0.25862177151967763,0.7413782284803223,0.17311428449825988
ccl200,50,0.95,0.3757707312666757,0.6242292687333243,0.16078024102575578
ccl200,50,0.99,0.5950513568219619,0.40494864317803814,0.15428786310366793
ccl200,50,1.0,0.6631223669511429,0.3368776330488571,0.16015723387495862
ccl200,500,0.0,0.06899246068176723,0.9310075393182328,0.15628167014292646
ccl200,500,0.1,0.07248583145233016,0.9275141685476699,0.15896003345236662
ccl200,500,0.2,0.07674232166863378,0.9232576783313662,0.16193379587317247
ccl200,500,0.3,0.08205705655066875,0.9179429434493313,0.16522167871477866
ccl200,500,0.5,0.09812206731354038,0.9018779326864597,0.17265630025713954
ccl200,500,0.7,0.13186161154882078,0.8681383884511792,0.17980148776884164
ccl200,500,0.9,0.2586637103816655,0.7413362896183344,0.17311338627625814
ccl200,500,0.95,0.37802987956988576,0.6219701204301142,0.16046690225059257
ccl200,500,0.99,0.6957112504183064,0.3042887495816936,0.1309145837301014
ccl200,500,1.0,0.9862594853953142,0.013740514604685838,0.02283500587806253
ccl1100,2,0.0,0.08335708688727382,0.9166429131127262,0.16971017464820384
ccl1100,2,0.1,0.08712283995872497,0.9128771600412751,0.1725224259999729
ccl1100,2,0.2,0.09157290978919001,0.90842709021081,0.17562648719106458
ccl1100,2,0.3,0.09683673106440449,0.9031632689355955,0.17902474946901056
ccl1100,2,0.5,0.11050205372771844,0.8894979462722815,0.18660802883288255
ccl1100,2,0.7,0.1299720894024912,0.8700279105975088,0.19461527685354074
ccl1100,2,0.9,0.15771255716283744,0.8422874428371625,0.20087731558074173
ccl1100,2,0.95,0.16614343241111904,0.8338565675888809,0.20164872773763923
ccl1100,2,0.99,0.17327816473265112,0.8267218352673489,0.20189117661208475
ccl1100,2,1.0,0.17510824233789363,0.8248917576621064,0.20189148243620067
ccl1100,5,0.0,0.08335708688727382,0.9166429131127262,0.16971017464820384
ccl1100,5,0.1,0.08713439542987447,0.9128656045701256,0.1725243853260979
ccl1100,5,0.2,0.09168130009365218,0.9083186999063478,0.17564162670261718
ccl1100,5,0.3,0.09727316303919328,0.9027268369608067,0.1790718103863864
ccl1100,5,0.5,0.11355808403913686,0.8864419159608632,0.18671996132854599
ccl1100,5,0.7,0.14401309055738942,0.8559869094426106,0.19379425761741806
ccl1100,5,0.9,0.2131148492993114,0.7868851507006887,0.1890500779630944
ccl1100,5,0.95,0.24103181057426318,0.7589681894257368,0.1814887537621257
ccl1100,5,0.99,0.2645942992347878,0.7354057007652122,0.17223488126009523
ccl1100,5,1.0,0.2701134755356504,0.7298865244643495,0.16943983794268616
ccl1100,10,0.0,0.08335708688727382,0.9166429131127262,0.16971017464820384
ccl1100,10,0.1,0.08713439768347216,0.9128656023165278,0.17252438145630733
ccl1100,10,0.2,0.09168148618284416,0.9083185138171559,0.17564135171639636
ccl1100,10,0.3,0.09727597088587968,0.9027240291141203,0.17906829642240787
ccl1100,10,0.5,0.11367538811614679,0.8863246118838533,0.18662097958521448
ccl1100,10,0.7,0.14613285278221164,0.8538671472177883,0.19267565389144534
ccl1100,10,0.9,0.24553671400584667,0.7544632859941534,0.1762232130979517
ccl1100,10,0.95,0.30316117474954934,0.6968388252504507,0.15677393515327
ccl1100,10,0.99,0.3568914292051642,0.6431085707948359,0.13518981487661652
ccl1100,10,1.0,0.36760381077908233,0.6323961892209177,0.1298160657275528
ccl1100,50,0.0,0.08335708688727382,0.9166429131127262,0.16971017464820384
ccl1100,50,0.1,0.08713439768347606,0.9128656023165239,0.1725243814562872
ccl1100,50,0.2,0.09168148619548722,0.9083185138045128,0.17564135167168887
ccl1100,50,0.3,0.09727597259652532,0.9027240274034747,0.1790682922308644
ccl1100,50,0.5,0.11367659107148012,0.8863234089285199,0.18661962046271816
ccl1100,50,0.7,0.1462884837349034,0.8537115162650966,0.19260988586199418
ccl1100,50,0.9,0.26279963551990587,0.7372003644800942,0.17356524136355414
ccl1100,50,0.95,0.37605657775276036,0.6239434222472396,0.14690530574016927
ccl1100,50,0.99,0.622968146852054,0.37703185314794596,0.1297749384081248
ccl1100,50,1.0,0.7087540290452865,0.2912459709547135,0.1426309453380072
ccl1100,500,0.0,0.08335708688727382,0.9166429131127262,0.16971017464820384
ccl1100,500,0.1,0.08713439768347606,0.9128656023165239,0.1725243814562872
ccl1100,500,0.2,0.09168148619548722,0.9083185138045128,0.17564135167168887
ccl1100,500,0.3,0.09727597259652532,0.9027240274034747,0.1790682922308644
ccl1100,500,0.5,0.11367659107148012,0.8863234089285199,0.18661962046271816
ccl1100,500,0.7,0.1462884837417258,0.8537115162582742,0.19260988586738406
ccl1100,500,0.9,0.26283661735004965,0.7371633826499504,0.17357230766687112
ccl1100,500,0.95,0.37822625668256116,0.6217737433174388,0.14688529409076298
ccl1100,500,0.99,0.7297361398836827,0.2702638601163173,0.10869337730927556
ccl1100,500,1.0,0.9932817228087357,0.006718277191264277,0.026193969799075897
