k,alpha,mean_depth,auc_all,auc_within
1,0.0,0.0,0.5180087471057371,0.47435897435897434
1,0.1,0.1,0.9265500385901724,0.6783882783882784
1,0.2,0.20000000000000004,0.9273218420375611,0.6827838827838828
1,0.3,0.3,0.9302804219192179,0.6996336996336996
1,0.4,0.4,0.9273218420375611,0.6827838827838828
1,0.5,0.5,0.928222279392848,0.6879120879120879
1,0.6,0.6,0.9280293285310007,0.6868131868131868
1,0.7,0.7,0.9280936454849499,0.6871794871794872
1,0.8,0.8,0.927193208129663,0.6820512820512821
1,0.9,0.9,0.9277077437612554,0.684981684981685
1,0.95,0.95,0.928350913300746,0.676923076923077
1,0.99,0.9900000000000001,0.9324028813995369,0.6765567765567766
1,1.0,1.0,0.9363262155904296,0.676923076923077
2,0.0,0.0,0.5180087471057371,0.47435897435897434
2,0.1,0.11,0.9262927707743761,0.676923076923077
2,0.2,0.24,0.9270645742217648,0.6813186813186813
2,0.3,0.39000000000000007,0.9301517880113198,0.6989010989010989
2,0.4,0.56,0.9280936454849499,0.6871794871794872
2,0.5,0.75,0.9279650115770517,0.6864468864468865
2,0.6,0.96,0.9280936454849499,0.6871794871794872
2,0.7,1.1899999999999997,0.9289940828402367,0.6805860805860806
2,0.8,1.44,0.9414715719063546,0.6747252747252748
2,0.9,1.71,0.9427579109853358,0.673992673992674
2,0.95,1.852499999999999,0.94726009776177,0.6996336996336996
2,0.99,1.970100000000001,0.9502829945973759,0.7168498168498169
2,1.0,2.0,0.9507332132750193,0.7194139194139194
3,0.0,0.0,0.5180087471057371,0.47435897435897434
3,0.1,0.111,0.9260355029585798,0.6754578754578755
3,0.2,0.24800000000000003,0.9268073064059686,0.6798534798534799
3,0.3,0.41700000000000004,0.9298945201955235,0.6974358974358974
3,0.4,0.624,0.9278363776691536,0.6857142857142857
3,0.5,0.875,0.9278363776691536,0.6857142857142857
3,0.6,1.176,0.9277077437612554,0.684981684981685
3,0.7,1.5329999999999997,0.9388988937483921,0.6754578754578755
3,0.8,1.952,0.9423720092616413,0.673992673992674
3,0.9,2.4389999999999996,0.9479032673012606,0.7032967032967034
3,0.95,2.709875,0.9498970928736815,0.7146520146520147
3,0.99,2.940398999999995,0.9502186776434268,0.7164835164835165
3,1.0,3.0,0.9501543606894778,0.7161172161172161
5,0.0,0.0,0.5180087471057371,0.47435897435897434
5,0.1,0.11111,0.9260355029585798,0.6754578754578755
5,0.2,0.24992,0.9268073064059686,0.6798534798534799
5,0.3,0.42752999999999997,0.9298945201955235,0.6974358974358974
5,0.4,0.6598400000000001,0.9278363776691536,0.6857142857142857
5,0.5,0.96875,0.9277720607152046,0.6853479853479854
5,0.6,1.3833600000000001,0.9278363776691536,0.6857142857142857
5,0.7,1.9411699999999996,0.9404425006431696,0.6732600732600733
5,0.8,2.6892800000000006,0.9421147414458452,0.6703296703296703
5,0.9,3.6855900000000004,0.9509261641368665,0.7205128205128205
5,0.95,4.2981621875,0.9508618471829174,0.7201465201465201
5,0.99,4.851985059900005,0.9478389503473116,0.7029304029304029
5,1.0,5.0,0.9478389503473116,0.7029304029304029
10,0.0,0.0,0.5180087471057371,0.47435897435897434
10,0.1,0.1111111111,0.9260355029585798,0.6754578754578755
10,0.2,0.2499999744,0.9268073064059686,0.6798534798534799
10,0.3,0.4285688979000001,0.9298945201955235,0.6974358974358974
10,0.4,0.6665967616,0.9278363776691536,0.6857142857142857
10,0.5,0.9990234375,0.9278363776691536,0.6857142857142857
10,0.6,1.4909300736,0.9277077437612554,0.684981684981685
10,0.7,2.2674224418999995,0.9415358888603036,0.6750915750915751
10,0.8,3.570503270400001,0.9425006431695395,0.6725274725274726
10,0.9,5.861894039100001,0.9510547980447646,0.7212454212454212
10,0.95,7.623998154470798,0.9497684589657834,0.7139194139194139
10,0.99,9.466174574128356,0.9498970928736815,0.7146520146520147
10,1.0,10.0,0.952534087985593,0.7296703296703296
20,0.0,0.0,0.5180087471057371,0.47435897435897434
20,0.1,0.11111111111111112,0.9260355029585798,0.6754578754578755
20,0.2,0.2499999999999974,0.9268073064059686,0.6798534798534799
20,0.3,0.4285714285564852,0.9298945201955235,0.6974358974358974
20,0.4,0.6666666593365893,0.9278363776691536,0.6857142857142857
20,0.5,0.9999990463256836,0.9277077437612554,0.684981684981685
20,0.6,1.4999451576233986,0.9278363776691536,0.6857142857142857
20,0.7,2.3314715137863886,0.9413429379984564,0.673992673992674
20,0.8,3.953883139815727,0.9428222279392848,0.6743589743589744
20,0.9,7.905810108684878,0.9513120658605608,0.7227106227106227
20,0.95,12.188767474237691,0.9504116285052739,0.7175824175824176
20,0.99,18.02721317787414,0.9515693336763571,0.7241758241758242
20,1.0,20.0,0.9513763828145099,0.7230769230769231
50,0.0,0.0,0.5180087471057371,0.47435897435897434
50,0.1,0.11111111111111112,0.9260355029585798,0.6754578754578755
50,0.2,0.25,0.9268073064059686,0.6798534798534799
50,0.3,0.4285714285714286,0.9298945201955235,0.6974358974358974
50,0.4,0.6666666666666667,0.9278363776691536,0.6857142857142857
50,0.5,0.9999999999999991,0.9278363776691536,0.6857142857142857
50,0.6,1.4999999999878757,0.9277720607152046,0.6853479853479854
50,0.7,2.3333332913691485,0.9412143040905583,0.6732600732600733
50,0.8,3.9999429100922925,0.9425649601234886,0.672893772893773
50,0.9,8.953616023134122,0.9493182402881399,0.7113553113553114
50,0.95,17.538045469742432,0.9498970928736815,0.7146520146520147
50,0.99,39.10439935338387,0.9490609724723437,0.7098901098901099
50,1.0,50.0,0.9390275276562902,0.6527472527472528
200,0.0,0.0,0.5180087471057371,0.47435897435897434
200,0.1,0.11111111111111112,0.9260355029585798,0.6754578754578755
200,0.2,0.25,0.9268073064059686,0.6798534798534799
200,0.3,0.4285714285714286,0.9298945201955235,0.6974358974358974
200,0.4,0.6666666666666667,0.9278363776691536,0.6857142857142857
200,0.5,1.0,0.9278363776691536,0.6857142857142857
200,0.6,1.4999999999999998,0.9277077437612554,0.684981684981685
200,0.7,2.333333333333333,0.940957036274762,0.6717948717948717
200,0.8,4.000000000000001,0.9423720092616413,0.6717948717948717
200,0.9,8.999999993650432,0.9500900437355286,0.7157509157509158
200,0.95,18.999333999341257,0.9497684589657834,0.7139194139194139
200,0.99,85.73601218906173,0.9503473115513249,0.7172161172161172
200,1.0,200.0,0.9307306405968613,0.6054945054945055
