depth_lo,depth_hi,n,auc_range,auc_within_range,auc_mean
0.0,0.25,22,0.409313094931824,0.20842490842490846,0.7779427929929603
0.25,0.5,11,0.0034731155132492475,0.01978021978021971,0.9291577987230162
0.5,0.75,10,0.0003859017236943485,0.00219780219780219,0.9279457164908671
0.75,1.0,11,0.005209673269873871,0.010622710622710585,0.9282456673761021
1.0,1.25,4,0.00861847182917419,0.00879120879120876,0.9302161049652689
1.25,1.5,6,0.013763828145099133,0.01098901098901095,0.9300553125803961
1.5,1.75,2,0.003859017236943707,0.00146520146520146,0.9408284023668639
1.75,2.0,4,0.009840493954206275,0.043589743589743546,0.9450894005659892
2.25,2.5,5,0.006946231026498606,0.03150183150183161,0.9425906869050682
2.5,2.75,2,0.007782351427836343,0.04432234432234439,0.9460059171597633
3.5,3.75,2,0.00842552096732696,0.047985347985347926,0.946713403653203
3.75,4.0,2,0.00025726781579626934,0.00146520146520146,0.9426935940313868
8.75,9.0,2,0.000771803447388697,0.00439560439560438,0.9497041420118343
